<?xml version="1.0" encoding="UTF-8" standalone="yes"?>
<addon id="script.ivueguide" name="Ivue TV Guide" version="4.3.2" provider-name="iVue Tv Guide">
	<requires>
		<import addon="script.module.simplejson" version="2.0.10"/>
		<import addon="script.module.beautifulsoup4" />
		<import addon="script.module.requests" />
	</requires>
	<extension point="xbmc.python.script" library="addon.py"/>
    <extension point="xbmc.service" library="service.py" start="login"/>
	<extension point="xbmc.addon.metadata">
	<provides>video</provides>
		<description lang="en">Final Final Final ISH Release of Ivue Guide, simple free and effective, We hope you like it now with category intergration #teamiVue, Huge thanks to all coders out there for getting involved.</description>
		<disclaimer lang="en">Final Release of Ivue Guide and is forked and based on FTV Guide, Dixie , Ivue ,Primeval, tommy winthers original code, </disclaimer>
		<assets>
            <icon>icon.png</icon>
            <fanart>fanart.jpg</fanart>
            <screenshot>resources/images/screenshot-01.jpg</screenshot>
            <screenshot>resources/images/screenshot-02.jpg</screenshot>
            <screenshot>resources/images/screenshot-03.jpg</screenshot>
        </assets>
	</extension>
</addon>
