<?xml version="1.0" encoding="UTF-8" standalone="yes"?>
<addon id="repository.warwickh" name="warwickh addons" version="0.9.4" provider-name="warwickh">
    <extension point="xbmc.addon.repository" name="warwickh addons">
        <dir minversion="18.0.0" maxversion="18.9.9">
            <info compressed="false">https://raw.githubusercontent.com/warwickh/repository.warwickh/master/leia/zips/addons.xml</info>
            <checksum>https://raw.githubusercontent.com/warwickh/repository.warwickh/master/leia/zips/addons.xml.md5</checksum>
            <datadir zip="true">https://raw.githubusercontent.com/warwickh/repository.warwickh/master/leia/zips/</datadir>
        </dir>
        <dir minversion="19.0.0">
            <info compressed="false">https://raw.githubusercontent.com/warwickh/repository.warwickh/master/matrix/zips/addons.xml</info>
            <checksum>https://raw.githubusercontent.com/warwickh/repository.warwickh/master/matrix/zips/addons.xml.md5</checksum>
            <datadir zip="true">https://raw.githubusercontent.com/warwickh/repository.warwickh/master/matrix/zips/</datadir>
        </dir>
    </extension>
    <extension point="xbmc.addon.metadata">
        <summary>Install warwickh addons</summary>
        <description>warwickh addons for Kodi</description>
        <disclaimer></disclaimer>
        <platform>all</platform>
        <assets>
            <icon>icon.png</icon>
            <fanart>fanart.jpg</fanart>
        </assets>
    </extension>
</addon>