﻿<?xml version="1.0" encoding="UTF-8"?>
<addon
  id="visualization.projectm"
  version="20.2.1"
  name="projectM"
  provider-name="Team Kodi">
  <requires>
<import addon="kodi.binary.global.main" minversion="2.0.0" version="2.0.2"/>
<import addon="kodi.binary.instance.visualization" minversion="4.0.0" version="4.0.0"/></requires>
  <extension
    point="xbmc.player.musicviz"
    library_android="libvisualization.projectm.so"/>
  <extension point="xbmc.addon.metadata">
    <platform>android-armv7</platform>
    <license>GPL-2.0-or-later</license>
    <source>https://github.com/xbmc/visualization.projectm</source>
    <assets>
      <icon>resources/icon.png</icon>
      <fanart>resources/fanart.jpg</fanart>
      <screenshot>resources/screenshot-01.jpg</screenshot>
      <screenshot>resources/screenshot-02.png</screenshot>
      <screenshot>resources/screenshot-03.jpg</screenshot>
      <screenshot>resources/screenshot-04.jpg</screenshot>
      <screenshot>resources/screenshot-05.jpg</screenshot>
      <screenshot>resources/screenshot-06.jpg</screenshot>
      <screenshot>resources/screenshot-07.jpg</screenshot>
      <screenshot>resources/screenshot-08.jpg</screenshot>
      <screenshot>resources/screenshot-09.jpg</screenshot>
      <screenshot>resources/screenshot-10.jpg</screenshot>
    </assets>
    <summary lang="af_ZA">projectM vat jou op 'n vlug deur die klankgolwe wat jy hoor</summary>
    <summary lang="ar_SA">مشروع M يجعلك تطير بين موحات الصوت التي تسمعها</summary>
    <summary lang="bg_BG">&quot;projectM&quot; ще Ви отведе на пътешествие между звуковите вълни, които чувате</summary>
    <summary lang="ca_ES">projectM et fa volar a través de les ones de so que escoltes</summary>
    <summary lang="cs_CZ">projectM s Vámi proletí zvukovými vlnamy, které posloucháte</summary>
    <summary lang="cy_GB">Mae projectM yn eich hedeg drwy'r tonnau sain</summary>
    <summary lang="da_DK">projectM tager dig på en flyvetur gennem lydbølgerne, du lytter til</summary>
    <summary lang="de_DE">projectM lässt Dich durch den Sound fliegen, den Du gerade hörst</summary>
    <summary lang="el_GR">Το projectM σας ταξιδεύει μέσα στα ηχητικά κύματα που ακούτε</summary>
    <summary lang="en_AU">projectM takes you flying through the soundwaves you're hearing</summary>
    <summary lang="en_GB">projectM takes you flying through the soundwaves you're hearing</summary>
    <summary lang="en_NZ">projectM takes you flying through the soundwaves you're hearing</summary>
    <summary lang="en_US">projectM takes you flying through the soundwaves you're hearing</summary>
    <summary lang="es_AR">projectM te lleva volando a través de las ondas que estás escuchando</summary>
    <summary lang="es_ES">projectM te lleva volando a través de las ondas que estás escuchando</summary>
    <summary lang="es_MX">projectM te lleva volando a través de las ondas de sonido que estás escuchando</summary>
    <summary lang="et_EE">projectM viib sind lennates läbi helilainete mida kuulad</summary>
    <summary lang="fi_FI">projectM lennättää sinut ääniaaltojen läpi</summary>
    <summary lang="fr_CA">projectM vous entraine à travers les ondes sonores que vous écoutez</summary>
    <summary lang="fr_FR">projectM vous entraine à travers les ondes sonores que vous écoutez</summary>
    <summary lang="gl_ES">projectM lévao voando a través das ondas de son que está a ouvir</summary>
    <summary lang="he_IL">projectM לוקח אותך לתעופה דרך גלי הסאונד שאתה שומע</summary>
    <summary lang="hr_HR">projectM vam omogućuje let kroz zvuk koji čujete</summary>
    <summary lang="hu_HU">A projectM végigrepít a zene hullámain</summary>
    <summary lang="id_ID">ProjectM membawa anda terbang melalui gelombang suara yang anda dengar</summary>
    <summary lang="is_IS">Með projectM flýgurðu í gegnum hljóðbylgjurnar sem þú heyrir</summary>
    <summary lang="it_IT">projectM ti fa volare tra le onde sonore di ciò che stai ascoltando</summary>
    <summary lang="ja_JP">projectM - 音楽の波の上を飛ぶ</summary>
    <summary lang="ko_KR">projectM 은 사운드웨이브 속으로 날아가는듯한 효과를 보여줍니다</summary>
    <summary lang="lt_LT">projectM nukelia Jus į nuostabų skrydį virš debesų, ištiesų fantastiškų garsų gausą</summary>
    <summary lang="lv_LV">projectM paņem Jūs līdzi lidojumā cauri skaņu viļņiem, kurus dzirdat</summary>
    <summary lang="mk_MK">projectM ве води на летање низ звучните бранови на музиката што ја слушате</summary>
    <summary lang="nb_NO">projectM tar deg på en reise flygende gjenom lydbølgene du hører</summary>
    <summary lang="nl_NL">projectM-visualisatie</summary>
    <summary lang="pl_PL">projectM zabiera Cię w niesamowity lot w chmurach aktualnie słuchanych dźwięków</summary>
    <summary lang="pt_BR">O projectM leva-o a voar nas ondas sonoras que está a ouvir</summary>
    <summary lang="pt_PT">O projectM leva-o num voo através das ondas sonoras que está a ouvir</summary>
    <summary lang="ro_RO">projectM îți oferă o senzație auditivă unică astfel încât simți că zbori printre undele sonore pe care le asculți</summary>
    <summary lang="ru_RU">projectM отправит вас в полёт через звуковые волны, которые вы слышите</summary>
    <summary lang="sk_SK">projektM s Vami poletí zvukovými vlnami, ktoré počúvate</summary>
    <summary lang="sl_SI">projectM vas popelje čez valovanje zvoka, ki ga poslušate</summary>
    <summary lang="sq_AL">projectM të bën të fluturosh nëpër valet e tingullit që i dëgjon</summary>
    <summary lang="sv_SE">projectM tar med dig på en flygtur genom ljudvågorna du hör</summary>
    <summary lang="ta_IN">projectM நீங்கள் கேட்கும் ஒலி அலைகளின் வடிவங்களின் மூலம் பறக்க செய்யும்</summary>
    <summary lang="tg_TJ">projectM бо мавҷҳои садояш фораму роҳатбахш аст</summary>
    <summary lang="th_TH">projectM นำคุณโบยบิน ผ่านคลื่นเสียงที่คุณกำลังรับฟัง</summary>
    <summary lang="tr_TR">projectM sizi duyduğunuz ses dalgaları üzerinde bir uçuşa çıkartır</summary>
    <summary lang="uk_UA">projectM забирає вас в політ крізь хвилі музики яку ви слухаєте</summary>
    <summary lang="vi_VN">projectM giúp bạn bay bổng trong âm thanh bạn đang nghe</summary>
    <summary lang="zh_CN">projectM 带你与声波一起飞翔</summary>
    <summary lang="zh_TW">projectM帶著您一起翱翔並飛越聆聽中的音樂浪潮</summary>
    <description lang="af_ZA">projectM is 'n ontsagwekkende musiek visualiseerder. Daar is niks beter in die wêreld van Unix nie. projectM se grootheid kom van die harde werk van die gemeenskap. Gebruikers soos jy kan voorafinstellings skep wat musiek met ongelooflike visualiserings konnekteer. Probeer dit!&#10;projectM Visualisering is 'n geLGPL'de herimplementasie van Milkdrop onder OpenGL&#10;Al wat projectM benodig is 'n video kaart met 3D versnelling en jou gunsteling musiek.</description>
    <description lang="ar_SA">مشروع M هو مصورللموسقى رائع. لا شي في العالم أفضل من Unix. عظمة مشروع M تأتي من عمل المجتمع الجاد. يستطيع مستخدمون مثلك إنشاء مسبقات تتصل بالموسقى لصور رائعة. جربه&#10;تصوير مشروع M &#10;كل ما يتطلبه مشروع M هو كرت شاشة بتسارع 3D و موسيقاك المفضلة.</description>
    <description lang="be_BY">projectM is an awesome music visualizer. There is nothing better in the world of Unix. projectM's greatness comes from the hard work of the community. Users like you can create presets that connect music with incredible visuals. Try it!&#10;projectM Visualization is an LGPL'ed reimplementation of Milkdrop under OpenGL&#10;All projectM requires is a video card with 3D acceleration and your favorite music.</description>
    <description lang="bg_BG">&quot;projectM&quot; е страхотна визуализация, плод на упорит труд от страна на общността. В света на Unix не съществува нищо по-добро. Потребители, като Вас, създават предварително комбинации от настройки, които се ползват като модел за визуализацията и така свързват звука с невероятни визуални ефекти. Пробвайте!&#10;Визуализацията &quot;projectM&quot; е преработка на Milkdrop под лиценза LGPL, основана на OpenGL.&#10;&quot;projectM&quot; изисква видео карта с 3D ускорение и любимата Ви музика.</description>
    <description lang="ca_ES">El projectM és un visualitzador de música impressionant. No hi ha res millor al món Unix. La grandesa de projectM prové del dur treball de la comunitat. Els usuaris com tu poden crear predefinits que connecten la música amb visualitzacions increibles. Prova-ho!&#10;La Visualització projectM és una re-implementació en LGPL de Milkdrop baix OpenGL&#10;Tot el que projectM requereix és una tarja amb acceleració 3D i la teva música preferida.</description>
    <description lang="cs_CZ">projectM je úžasný hudební vizualizér. Ve světě Unixu neexistuje nic lepšího. Velikost projectuM pochází z tvrdé práce komunity. Uživatelé, jako jste vy, mohou vytvářet předvolby, které spojují hudbu s fantastickými vizuálními zážitky. Zkuste jej!&#10;projectM vizualizace je LGPL reimplementace Milkdropu pod OpenGL.&#10;Vše co projectM vyžaduje je grafická karta s 3D akcelerací a vaši oblíbenou hudbu.</description>
    <description lang="cy_GB">Mae delweddwr cerddoriaeth ryfeddol. Does dim byd gwell ym myd Unix. Mae mawredd projectM yn dod o waith caled y gymuned. Mae defnyddwyr fel chi yn gallu creu rhagosodiadau sy'n cysylltu delweddau anhygoel gyda cherddoriaeth. Defnyddiwch e.&#10;Mae projectM yn ailgyflwyniad LGPL o Milkdrop o dan OpenGL.&#10;Yr unig beth sydd ei angen ar projectM yw cerdyn video gyda chyflymu 3D a'ch hoff gerddoriaeth.</description>
    <description lang="da_DK">projectM er en fantastisk musikvisualisering. Der findes intet bedre i Unix-verdenen. projectMs storhed kommer fra brugerbasens hårde arbejde. Brugere, som dig selv, kan skabe forudindstillinger, som forbinder musik med utrolige visualiseringer. Prøv det!&#10;projectM Visualization er en LGPLed reimplementering af Milkdrop under OpenGL.&#10;Alt hvad projectM kræver er et grafikkort med 3D-acceleration og din yndlingsmusik.</description>
    <description lang="de_DE">projectM ist eine unglaubliche Musik-Visualisierung. In der Unix-Welt gibt es nichts Besseres. Die Einzigartigkeit ist Ergebnis der harten Arbeit der Community. Jeder Anwender kann &quot;Presets&quot; schreiben, welche Musik mit unglaublichen visuellen effekten verbinden. &#10;projectM ist die LGPL Reimplementierung von Milkdrop mit OpenGL&#10;Alles was projectM benötigt, ist eine Grafikkarte mit 3D-Beschleunigung und coole Musik.</description>
    <description lang="el_GR">Το projectM είναι ένας φοβερός μουσικός οπτικοποιητής. Δεν υπάρχει τίποτα καλύτερο στον κόσμο του Unix. Το μεγαλείο του projectM πηγάζει από τη σκληρή δουλειά της κοινότητας. Χρήστες όπως εσείς μπορούν να δημιουργήσουν προρυθμίσεις συνδέοντας τη μουσική με απίστευτες απεικονίσεις. Δοκιμάστε το!&#10;Η Οπτικοποίηση projectM αποτελεί μία νέα LGPL υλοποίηση του Milkdrop υπό το OpenGL&#10;Το μόνο που απαιτείται από το projectM είναι μία κάρτα γραφικών με τρισδιάστατη (3D) επιτάχυνση, και την αγαπημένη σας μουσική.</description>
    <description lang="en_AU">projectM is an awesome music visualiser. There is nothing better in the world of Unix. projectM's greatness comes from the hard work of the community. Users like you can create presets that connect music with incredible visuals. Try it!&#10;projectM Visualisation is an LGPL'ed reimplementation of Milkdrop under OpenGL&#10;All projectM requires is a video card with 3D acceleration and your favourite music.</description>
    <description lang="en_GB">projectM is an awesome music visualiser. There is nothing better in the world of Unix. projectM's greatness comes from the hard work of the community. Users like you can create presets that connect music with incredible visuals. Try it!&#10;projectM Visualisation is an LGPL'ed reimplementation of Milkdrop under OpenGL&#10;All projectM requires is a video card with 3D acceleration and your favourite music.</description>
    <description lang="en_NZ">projectM is an awesome music visualiser. There is nothing better in the world of Unix. projectM's greatness comes from the hard work of the community. Users like you can create presets that connect music with incredible visuals. Try it!&#10;projectM Visualisation is an LGPL'ed reimplementation of Milkdrop under OpenGL&#10;All projectM requires is a video card with 3D acceleration and your favourite music.</description>
    <description lang="en_US">projectM is an awesome music visualizer. There is nothing better in the world of Unix. projectM's greatness comes from the hard work of the community. Users like you can create presets that connect music with incredible visuals. Try it!&#10;projectM Visualization is an LGPL'ed reimplementation of Milkdrop under OpenGL&#10;All projectM requires is a video card with 3D acceleration and your favorite music.</description>
    <description lang="es_AR">projectM es un fantástico visualizador de música. No hay nada mejor en el universo Unix. La grandeza de projectM proviene del duro trabajo de la comunidad. Usuarios como tu pueden crear ajustes preestablecidos que conecten la música con visualizaciones increíbles. ¡Pruebalo!&#10;projectM Visualization es una reimplantación de Milkdrop bajo licencia LGPL y renderizado en OpenGL.&#10;Todo lo que projectM necesita es una tarjeta de video con aceleración 3D y tu música favorita.</description>
    <description lang="es_ES">projectM es un fantástico visualizador de música. No hay nada mejor en el universo Unix. La grandeza de projectM proviene del duro trabajo de la comunidad. Usuarios como usted pueden crear ajustes preestablecidos que conecten la música con visualizaciones increibles. ¡Pruébelo!&#10;projectM Visualization es una reimplantación de Milkdrop bajo licencia LGPL y renderizado en OpenGL.&#10;Todo lo que projectM necesita es una tarjeta de vídeo con aceleración 3D y su música favorita.</description>
    <description lang="es_MX">projectM es un visualizador de música sorprendente. No hay nada mejor en el mundo de Unix. La grandeza de projectM proviene del duro trabajo de la comunidad. Usuarios como tú pueden crear preaujstes que conectan la música con increíbles imágenes. Inténtalo!&#10;La visualización projectM es una reimplementación en LGPL de Milkdrop bajo OpenGL.&#10;Todo lo que projectM necesita es una tarjeta de video con aceleración 3D y tu música favorita.</description>
    <description lang="et_EE">projectM on äge muusika visuaal. Unixi maailmas pole midagi paremat. projectM'i suurus on saavutatud kogukonna ühise raske töö tulemusena. Kasutajad nagu sina saavad luua eelseadeid, mis ühendavad muusika imeliste visualidega. Proovi seda! projectM visualiseerimine on litsentseeritud (LGPL) uuskasutus Milkdrop'ist OpenGL keskkonnas.&#10;Ainus mida projectM vajab, on 3D kiirendusega videokaart ja sinu lemmikmuusika.</description>
    <description lang="fi_FI">projectM on uskomaton musiikkivisualisointi, joka on yhteisön kovan työn tulos. Käyttäjät voivat luoda esiasetuksia, jotka yhdistävät musiikin kuviin.&#10;projectM -visualisointi on LGPL-lisensoitu Milkdropin uudelleenimplementointi OpenGL:llä.&#10;projectM tarvitsee vain 3D-kiihdyttävän näytönohjaimen ja lempimusiikkisi.</description>
    <description lang="fr_CA">projectM est un fantastique visualiseur musical. Il n'y a rien de mieux dans l'univers Unix. L'ampleur de projectM vient du travail énorme de la communauté. Des utilisateurs comme vous peuvent créer des préréglages qui connecteront la musique avec des visuels incroyables. Essayez-le!&#10;La visualisation projectM est une réalisation sous LGPL de Milkdrop en OpenGL.&#10;Le seul pré-requis pour projectM est une carte graphique avec accélération 3D et votre musique favorite.</description>
    <description lang="fr_FR">projectM est un fantastique visualiseur musical. Il n'y a rien de mieux dans l'univers Unix. L'ampleur de projectM vient du travail énorme de la communauté. Des utilisateurs comme vous peuvent créer des préréglages qui connecteront la musique avec des visuels incroyables. Essayez-le!&#10;La visualisation projectM est une réalisation sous LGPL de Milkdrop en OpenGL.&#10;Le seul pré-requis pour projectM est une carte graphique avec accélération 3D et votre musique favorite.</description>
    <description lang="gl_ES">projectM é unha impresionante Visualización de música. Non hai nada mellor no mundo Unix. A grandeza de projectM ven da dura xeira da comunidade. Usuarios coma vostede poden crear preconfiguracións que conectan a música con incribles visualizacións. Próbeo!&#10;A Visualización projectM é unha reimplementación de Milkdrop empregando OpenGL e con licencia LGPL.&#10;Todo o que precisa projectM é unha tarxeta gráfica con aceleración 3D e a súa música favorita.</description>
    <description lang="he_IL">projectM is an awesome music visualizer. There is nothing better in the world of Unix. projectM's greatness comes from the hard work of the community. Users like you can create presets that connect music with incredible visuals. Try it!&#10;projectM Visualization is an LGPL'ed reimplementation of Milkdrop under OpenGL&#10;All projectM requires is a video card with 3D acceleration and your favorite music.</description>
    <description lang="hr_HR">projectM je fenomenalan glazbeni vizualizator. Ne postoji ništa bolje u svijetu Unixa. Veličina projectM-a dolazi zbog predanosti njegove zajednice. Korisnici kao što ste Vi, mogu stvoriti predloške koje povezuju glazbu i nevjerojatne vizualizacije. Isprobajte!&#10;projectM Vizualizacija je LGPL reimplementacija Milkdropa pod OpenGL-om&#10;Sve što projectM zahtijeva je video kartica sa 3d ubrzanjem i vašu omiljenu glazbu.</description>
    <description lang="hu_HU">A projectM egy fantasztikus zenei vizualizáció. Nincs ennél jobb a Unix világban. A projectM különlegessége, hogy egy egész fejlesztői közösség nehéz munkájából jött létre. A felhasználók, mint te egyedi beállításokat hozhatnak létre ami összekapcsolja a zenét a hihetetlen látványelemekkel. Próbáld ki!&#10;A projectM Vizualizáció a Milkdrop újrakódolása LGPL licenc alatt, OpenGL videókártya támogatást használva.&#10;Minden projectM látványbeállításhoz 3D gyorsításra képes videókártya és a kedvenc zenéd szükséges.</description>
    <description lang="id_ID">projectM merupakan visualiser musik yang keren. Tak ada yng lebih baik di dunia Unix. Kebesaran projectM berasa dari kerja keras dari komunitas. Pengguna seperti anda dapat membuat preset yang menghubungkan musik dengan visual yang luarbiasa. Cobalah!!!&#10;Visualisasi projectM merupakan produk berlisensi LGPL reimplementasi dari Milkdrop dibawah OpenGL&#10;Semua projectM membutuhkan kartu grafis dengan akselerasi 3D dan musik favorit anda.</description>
    <description lang="is_IS">projectM er frábær myndskreyting. það er ekkert betra í Unix heiminum. Gæði projectM koma til vegna framlags samfélagsins.Notendur eins og þú geta búið til forstillingar sem tengja tónlist við ótrúlega myndræna upplifun. Prófaðu!&#10;projectM myndskreyting er LGPL útgáfa af Milkdrop með OpenGL&#10;Allt sem projectM þarfnast er skjákort með þrívíddar hraðli 3D og uppáhalds tónlistin þín.</description>
    <description lang="it_IT">projectM è un incredibile visualizzazione musicale. E' il meglio del mondo Unix. La grandezza di projectM proviene dal duro lavoro della comunità. Gli utenti come te possono creare preset che connetto la musica con incredibili grafiche. Provalo!&#10;projectM è una reimplementazione LGPL di Milkdrop sotto OpenGL&#10;Tutti i projectM richiedono una scheda video con accelerazione 3D e la tua musica preferita.</description>
    <description lang="ja_JP">projectM is an awesome music visualizer. There is nothing better in the world of Unix. projectM's greatness comes from the hard work of the community. Users like you can create presets that connect music with incredible visuals. Try it!&#10;projectM Visualization is an LGPL'ed reimplementation of Milkdrop under OpenGL&#10;All projectM requires is a video card with 3D acceleration and your favorite music.</description>
    <description lang="ko_KR">projectM은 멋진 음악 시각화입니다. Unix에는 이것보다 좋은것은 없습니다. projectM은 많은 사람들에 의해 개발되었습니다. 여러분과 같은 유저들이 음악을 표현하는 프리셋을 만들었습니다. projectM 음악시각화는 OpenGL에서 작동하도록 Milkdrop를 새로 만든것입니다. 모든 projectM은 3D 가속이 되는 비디오카드와 음악이 필요합니다.</description>
    <description lang="lt_LT">ProjectM yra išskirtinė muzikos vizualizacija. Nėra nieko geriau, Unix pasaulyje. ProjectM spindesys tai sunkus darbas bendruomenėje. Naudotojai, tokie kaip Jūs galite sukurti ir suderinti muziką su puikiais vizualizacijos efektais. Sužinokite!&#10;ProjectM yra įgyvendinimas iš Milkdrop pagal LGPL licenciją, ir naudoja OpenGL&#10;Viskas ko reikia projectM tai vaizdo plokštės su 3D akceleracija (greitėjimu) ir geros muzikos.</description>
    <description lang="lv_LV">projectM ir brīnišķīgs mūzikas vizualizētājs. Nav nekā labāka Unix pasaulē. projectM's izcilība rodas no smagā darba komūnā. Lietotāji, kas ir tādi paši kā Jūs, var radīt sagataves, kas savieno mūziku ar neticami skaistām vizualizācijām. Pamēģiniet!&#10;projectM Vizualizācija ir Milkdrop LGPL reimplementācija zem OpenGL&#10;Visi projectM pieprasa video karti ar 3D paātrinājumu un Jūsu mīļākās mūzikas izlasi.</description>
    <description lang="mk_MK">projectM is an awesome music visualizer. There is nothing better in the world of Unix. projectM's greatness comes from the hard work of the community. Users like you can create presets that connect music with incredible visuals. Try it!⏎ projectM Visualization is an LGPL'ed reimplementation of Milkdrop under OpenGL⏎ All projectM requires is a video card with 3D acceleration and your favorite music.</description>
    <description lang="nb_NO">projectM er en awesome musikk visualisering. Der er ingenting bedre i Unix verden. projectM er så flott takket være et hardt arbeidende felleskap. Brukere som deg kan lage forhåndsinnstillinger som kobler musikk med utrolige visualiseringer. Prøv det!&#10;projectM visualiseringen er en LGPL reinplimentasjon av Milkdrop under OpenGL&#10;Alt projectM trenger er et grafikkort med 3D støtte og din favoritt musikk</description>
    <description lang="nl_NL">ProjectM is een geweldige muziekvisualisatie. Er bestaat niets beters in de UNIX-wereld. Het success van ProjectM is het resultaat van het harde werk van de XBMC-gemeenschap. U kunt hun eigen presets instellen die muziek linken aan verbluffende visualisaties. Probeer het uit!&#10;ProjectM-visualisatie is beschikbaar onder de LGPL-licentie en is een herimplementatie van Milkdrop (OpenGL). Alles wat projectM vereist is een videokaart met 3D-versnelling en jouw favoriete muziek.</description>
    <description lang="pl_PL">projectM to rewelacyjna wizualizacją muzyki. Nie ma nic lepszego w świecie Unixa. Wspaniałość projectM wywodzi się ciężkiej pracy społeczności. Użytkownicy tacy jak Ty, mogą tworzyć efekty łączące muzykę z niesamowitymi efektami wizualnymi. Przekonaj się!&#10;projectM jest reimplementacją Milkdropa na licencji LGPL i używa OpenGL&#10;Wszystko czego wymaga projectM, to karta graficzna wspierająca akcelerację 3D oraz zasoby Twojej muzyki.</description>
    <description lang="pt_BR">O projectM é um fantástico visualizador de música. Não existe nenhum melhor no mundo Unix. A grandeza do projectM advém do trabalho árduo da comunidade. Utilizadores como você podem criar pré-definições que ligam a música a visualizações incríveis. Experimente!&#10;O visualizador projectM é uma reimplementação do Milkdrop OpenGL sob uma licença LGPL. Tudo o que o projectM necessita é de uma placa gráfica com aceleração 3D e a sua música favorita.</description>
    <description lang="pt_PT">O projectM é uma fantástica visualização de música. Não há melhor no mundo Unix. A grandeza do projectM advém do trabalho árduo da comunidade. Qualquer utilizador pode criar pré-selecções que combinam a música com visualizações incríveis. Experimente!&#10;O visualizador projectM é uma reimplementação do Milkdrop OpenGL sob uma licença LGPL. Tudo o que o projectM precisa é de uma placa gráfica com aceleração 3D e a sua música favorita.</description>
    <description lang="ro_RO">projectM este un plugin uimitor. Nu există nimic mai bun în lumea Unix. Măreția projectM vine din munca întregii comunități. Utilizatori ca și tine pot crea presetări care conectează muzica cu vizualizări incredibile. Încearcă și tu!&#10;Vizualizarea projectM este o reimplementare LGPL a lui Milkdrop sub OpenGL.&#10;Tot ceea ce necesită projectM este o placă video cu accelerare 3D și muzica ta favorită.</description>
    <description lang="ru_RU">projectM удивительным образом визуализирует музыку. В мире Unix нет ничего лучше. projectM является результатом напряжённой работы сообщества. Пользователи могут создавать наборы настроек, которые объединяют музыку и невероятные визуальные эффекты. Попробуйте сами!⏎&#10;Визуализация projectM представляет собой LGPL-реализацию Milkdrop на основе OpenGL⏎&#10;Всё, что требуется для визуализации — это видеокарта с 3D-ускорением и любимая музыка.</description>
    <description lang="sk_SK">projektM je úžasný hudobný vizualizér. Vo svete Unixu neexistuje nič lepšie. Veľkosť projectM pramení z tvrdej práce komunity. Užívatelia ako ty vytvárajú Predvoľby, ktoré spájajú hudbu s fantastickými vizualizáciami. Vyskúšaj to![CR] projectM vizualizácie sú LGPL implementáciou vizualizácií Milkdrop s použitím OpenGL.[CR] Jediné čo projectM potrebuje je grafickú kartu s 3D akceleráciou a Vašu obľúbenú hudbu.</description>
    <description lang="sl_SI">projectM je glasbeni vizualizator. Nič ni boljšega v svetu Unixa. Veličina ProjectM izhaja iz garanja skupnosti. Uporabniki, kot vi, si lahko ustvarite prednastavitve, ki povezujejo glasbo z neverjetno vizualizacijo. Poskusite!&#10;Vizualizacija projectM je reimplementacija Milkdropa v LGPL v okviru OpenGL-a.&#10;projectM potrebuje le grafično kartico s 3D pospeševanjem in vašo najljubšo glasbo.</description>
    <description lang="sq_AL">projectM është nje vizualizim i tmerrshëm. Nuk ekziston asgjë më të mirë në boten e Unix'it. Madhësija e projectM'it vjen nga puna e shkëlqyeshme të bashkimit të saj. Përdoruesit si ti mundin të krijojnë cilësime që lidhin musikën me vizualizime të jashtzakonshëm. Provoje!&#10;projectM'i është një zbatim i LGPL'uar prej Milkdrop ndër OpenGL.&#10;Të gjith që projectM kërkon është një kartë grafike me përshpejtim për 3D dhe muzikën tënde të preferuar.</description>
    <description lang="sv_SE">projectM är en fantastisk musikvisualisering. Det finns inget bättre i Unixvärlden. projectM's storhet kommer från gemenskapens hårda jobb. Användare som du kan skapa förval som förenar musiken med otroliga visualiseringar. Prova det!&#10;projectM visualisering är en LGPL-implementation av Milkdrop i OpenGL&#10;Alla projectM kräver ett grafikkort med 3D-acceleration och din favoritmusik.</description>
    <description lang="ta_IN">projectM ஒரு அற்புதமான இசை விசுவலைஸர் ஆகும். யூனிக்ஸ் உலகில் இதைவிட சிறந்தது இல்லை. projectM உடைய சிறப்புத்தன்மை கடினமான சமூகத்தின் உழைப்பில் இருந்து வருகிறது. உங்களை போன்ற பயனர்களாலும் நம்பமுடியாத இசை முன்னமைவுகளை உருவாக்க முடியும். முயற்சித்துபாரும்!⏎ projectM காட்சியாக்கம் OpenGL கீழ் Milkdrop உடைய மறு தயாரிப்பாக உள்ளது⏎ projectM க்கு தேவைப்படுவதெல்லாம் ஒரு 3D முடுக்கம் அட்டை மற்றும் உங்களுக்கு பிடித்த இசை.</description>
    <description lang="tg_TJ">projectM таҷассуми мусиқии аҷоиб мебошад. Чезе беҳтар аз projectM дар ҷаҳони Unix вуҷуд надорад. projectM натиҷаи кори вазнини ҷамъияташ мебошад. Корбарони монанди шумо метавонанд танзимотеро, ки мусиқиро бо таҷассуми аҷоиб пайваст мекунед, эҷод кунанд. Кӯшиш кунед!&#10;Таҷассуми projectM дар асоси LGPL-и Milkdrop бо OpenGL эҷод карда шуд&#10;Таҷассуми projectM танҳо корти видеоӣ бо шитобдиҳандаи 3D ва файлҳои мусиқии дӯстдоштаи шуморо талаб мекунад.</description>
    <description lang="th_TH">projectM คือการแสดงแสงสีประกอบเพลง อันยอดเยี่ยม. ไม่มีอะไรที่ดีกว่านี้แล้ว ในโลกของ Unix. projectM คือความยิ่งใหญ่ ที่มาจากการทำงานอย่างหนักของชุมชน. ผู้ใช้เช่นคุณสามารถสร้าง ชุดรูปแบบ ที่เชื่อมโยงกับเพลงด้วยแสงสีอันน่าทึ่ง. ลองเลย!&#10;การแสดงแสงสี projectM เป็นการดำเนินการตาม LGPL'ed ของ Milkdrop ภายใต้ OpenGL&#10;ทั้งหมดที่ต้องใช้สำหรับ projectM มีเพียงการ์ดวิดีโอที่มีการเร่งแสดงผล 3D และเพลงที่คุณชื่นชอบ.</description>
    <description lang="tr_TR">projectM muhteşem bir müzik görselleştiricidir. Unix dünyasında daha iyisi yoktur. projectM'in ihtişamı geliştirici gurubunun çok çalışmasından gelir. Sizin gibi kullanıcılar müzik ile bağlanan inanılmaz görsel ayarlar hazırlayabilirler. Lütfen siz de deneyin!&#10;projectM Görseli, Milkdrop'un OpenGL altında yeniden LGPL'li implementasyonudur.&#10;projectM' in tek ihtiyacı 3D hızlandırıcılı bir görüntü kartı ve sizin favori müziğinizdir.</description>
    <description lang="uk_UA">projectM - це чудовий візуалізатор відео. Немає нічого кращого в світі Unix. projectM створений тяжкою роботою спільноти. Користувачі, такі як Ви, можуть створювати різні візуалізації. Спробуйте!&#10;Візуалізація projectM - це LGPLівська імплементація Milkdrop під ліцензією OpenGL&#10;Все, що потрібно для projectM - це відео карта з 3D прискоренням і Ваша улюблена музика.</description>
    <description lang="vi_VN">projectM là chương trình trình chiếu nhạc tuyệt vời. Không có gì tuyệt hơn nó trong thế giới Unix. Sự tuyệt vời của projectM đến từ thành quả vất vả của cộng đồng. Những người sử dụng như bạn có thể tạo ra những bộ preset mà kết nối âm nhạc với hiệu ứng hình ảnh tuyệt vời. Hãy thử nó!&#10;Chương trình này là một phiên bản LGPL được phát triển dựa trên Milkdrop qua OpenGL&#10;Tất cả bạn cần chỉ là một card đồ họa 3D và bài hát ưa thích của mình.</description>
    <description lang="zh_CN">projectM 是一个音乐可视化效果。它是 Unix 世界中最好的。它的伟大来自于社区的辛苦工作。使用者可以创建预设参数把音乐和难以置信的可视化效果连接起来。试试吧！&#10;projectM 可视化效果是用 OpenGL 按照 LGPL 协议对 Milkdrop 的重新实现&#10;projectM 所要求的仅是一块有 3D 加速功能的显卡和你喜爱的音乐。</description>
    <description lang="zh_TW">projectM是一個令人驚豔的音樂視覺效果。它是Unix世界中最好的。projectM的偉大成果來自於社群創作者的投入與心血。使用者可以創建把音樂和難以置信的視覺效果連接起來的預設值。快來嘗鮮一下吧！&#10;projectM視覺效果是用OpenGL按照LGPL協議對Milkdrop的重新實現&#10;projectM所要求的僅是一張有3D加速功能的影像顯示卡和您喜愛的音樂。</description>
  </extension>
</addon>
