<?xml version="1.0" encoding="UTF-8" standalone="yes"?>
<addon id="plugin.audio.subsonic" name="Subsonic" version="2.0.0" provider-name="BasilFX">
    <requires>
        <import addon="xbmc.python" version="2.19.0"/>
    </requires>
    <extension point="xbmc.python.pluginsource" library="addon.py">
        <provides>audio</provides>
    </extension>
    <extension point="xbmc.addon.metadata">
        <summary lang="en">Subsonic music addon for Kodi.</summary>
        <description lang="en">Subsonic music addon for Kodi. Stream your tunes directly to Kodi.</description>
        <disclaimer lang="en"></disclaimer>
        <language>en</language>
        <platform>all</platform>
        <license>MIT</license>
        <forum></forum>
        <website>http://www.subsonic.org</website>
        <source>https://github.com/basilfx/plugin.audio.subsonic</source>
        <email></email>
    </extension>
</addon>
